cusf0m2,cteavin,"Thank you. That was a thoughtful response.  
  
Learning to live together has caused decades, if not centuries, of unrest in the US (where I'm from). Playing the waiting game doesn't seem like a great reason to let more people who are different in. Besides, what about the economic burdens on the average tax payer? They're working hard, putting money into the economy for their and their children's future, such as education and social services. Adding new people who require social services just takes that away and leads to resentment in the short term. ",cusdzdt,1441543763
cuspqxp,tallerthanunicorngod,"Well, there's the difference that we are humans, so we shouldn't kill our fellow brethren (for a variety of reasons, including that it increases the chance of us being killed).  
  
There's also the difference that we're more intelligent than any other animal.   
  
The issue here, I think, is sentience.  If something is sentient it's wrong to kill it, if not, well it's just a bug.  The problem is that sentience isn't binary, it's linear, so while a moose isn't as intelligent as a human being, it's still sentient to some degree I think.  Vs a bug which is likely not at all.  
  
Killing animals should be done when there's a good reason, and is fully justified when there is.  I think anyways.  ",cuspbw5,1441566956
cusr0k5,durrrr013,"&gt; there's no scientific consensus on the definition of intelligence

This is way too vague.  If you asked these same scientists if humans were the smartest known animals, they are going to say yes.",cusqlh7,1441569404
cuteyi2,ElysiX,How about the fear that your own cultures values are diminished in the society of your country? It does not require a belief of any superiority to fear that if more people come in who do not share your beliefs that maybe society wont be steered by your own values in the future.,,1441632896
cutr9mx,MrXian,"I think obese people *should* be a little ashamed. There's something wrong they do, and they refuse to do anything about it. That's a character flaw they should be ashamed of. Just like smokers, alcoholics and other junkies. 

It's not *easy* to quit or change, but you can't stop trying, and shame is a fine motivator. ",,1441657606
cuxs6u3,boblawslaw,"Sorry, I meant ""life-long"" monogamy in the case of a single partner, not switching them every couple of months.

&gt;Personally I think humans are just plain diverse when it comes to relationships.

Are we though? I don't want to be pretentious, but aren't we all biologically wired the same? Values/traditions have an impact of course, but in the developed western nations those are usually disregarded when you see a nice piece of aaaaaaaaaaaaaasssshhh and have a shot of alcohol near you.

&gt;An answer to what? What, exactly, is the problem here?

The problem is that we live in societies that tell us that we have to get married, that people want to get married and that marriage is happiness, when everything points to the contrary.",cuxs58y,1441969266
cuxzrqg,boblawslaw,"&gt; What you want is a society that doesn't judge people on how many partners someone have

But women having a lot of female partners affects the future child's genetics, the woman's psychological state and studies have shown that women who have lots of sexual partners tend to make bad wives and most marriages to promiscuous women end in divorce.",cuxyheg,1441985395
cv2dseb,maotzu,"If a person ""just is"" lazy, that still means they are unmotivated and lazy and that is why they are getting the surgery. Which is kind of my point: they get the surgery because they are not motivated. 

Laziness can change. Every one is lazy. We all like to be on reddit all day, pursue hobbies, etc. But we all have responsibilities so even though we are lazy, we still go to work. We still take care of our families. We do what needs to be done because we are motivated to do so. It is absolutely a choice.",cv2dh13,1442329457
cv66o5d,DrinkyDrank,"Yea I agree with this, and I think the core of my argument is that these things that even the savviest rich person will do are by no means extraordinary, which seems odd to me given the extraordinary amount of wealth they have.  I guess I always subconsciously bought into the idea that wealth originated from merit, and the classes above me were in their position because they were inherently better, smarter people.",cv663s2,1442603951
cv6pkui,themysteriousdoctorx,"The issue with this is you are assuming your clients are the savviest rich people. WHile they are definitely smarter (in this sense) then the people who don't even call someone like you, there are almost definitely at least some smarter/more savvy rich people whom you will never speak to because they fully understand what you do and how to do it for themselves. Or learned how to do it for themselves because they dont like trusting others with their finances. That could be either an incredibly minor portion of rich people, or a rather large portion, but either way you will likely never have an occasion to discuss finance with them.",cv66o5d,1442643116
cv7vmy2,Hexodus,"I think OP and a lot of people's problem is that intelligence isn't a gender or a sex. It's just a trait. If we had a term for every single preference we had, there would be thousands, if not millions of words for these ""sexual orientations"". And if we don't use the correct one for that person, we're bigots? Please. 

Think about it. I prefer smaller boobs. But I don't demand to be called, or claim to be a smalltitosexual. I prefer dirty blonde hair, but I'm not a dirtyblondeosexual. I prefer girls who are my height or shorter, but I'm not picketing for shorterthaniamosexual. 

Everyone has preferences. There's a big difference between a trait preference and a sexual orientation. I think people want to tote their preferences around and pretend like they're a special snowflake so they can pretend to be oppressed by the majority, which is what I see a lot of people doing. It's hip to be oppressed nowadays. ",cv7vfxu,1442757936
cva9wd9,Organicdancemonkey-,"When we have cases like the mattress girls, a very complicated case which arguably is a crying wolf scenario, it becomes very difficult to take these surveys at face value. What type of an affect does constantly talking about things such as rape culture have on these surveys? Wouldn't there have to be a certain number which are stretches of the definition, or encounters which were as much convoluted communication as they were assault?",cva99mv,1442936927
cvaaz58,Organicdancemonkey-,"&gt;Doesn't the fact that you are trying so hard to disbelieve or discredit 13% of female seniors stating they were penetrated without consent (which was clearly defined in the survey and not open to misinterpretation) suggest the existence of rape culture? 

Not in the least, especially considering your next argument.


&gt;Based on no evidence other than one extreme case that gained national attention for being so controversial, and your *assumption* that large numbers of women at 27 colleges exaggerated or lied on the survey, you are trying to to argue that 13% of women reporting nonconsensual penetration is a language problem, not a rape/assault problem. That goes way, way beyond healthy or reasonable skepticism.

If there is one who exaggerated, there are two, where there are two there are theee. Why do we continually see false rape culture examples? UVA , Lena Dunham, mattress girl ect. Every high profile case in the past year has been shown to be false, hardly a one off occurance, and yet we're supposed to pretend there's a culture of rape? If anything popular culture over the past year has shown there is a culture of false rape accusations. 
",cvaajn9,1442938593
cv8b054,DO_YOU_EVEN_LIFT_BRO,"As with all arguments for rape culture, let's shift the crime to something less emotionally charged and see if it holds weight.

If there was a 90% chance you'd get away with it (source please, wikipedia says 8-12% of claims are unfounded) would you beat that coworker you don't like so bad he ended up in the hospital?

Why not!  You'll probably get away with it!

Perhaps there is more to what makes a person rape than ""will I get away with it?""

If a cop pulls you over and searches your car under suspicion that you're trafficking drugs, but doesn't find any... Is it more likely that he was mistaken/you weren't trafficking drugs or that you got away with trafficking drugs?

Once upon a time, it was ""innocent until proven guilty"" but with rape accusations its either he's found guilty or he got away with it.

RAINN says you're wrong.  They're legit enough for me, why not for you?",cv8as8t,1442783918
cv8cfic,DO_YOU_EVEN_LIFT_BRO,"&gt; Most accusations are true, most people just never come forward, when you read victimization surveys way more people come forward about being raped than people reporting it.

The only sources I've seen that bafk your claim up are those third party surveys that use non-legal, nebulous definitions of rape such as ""have you had sex while drunk"" and while I don't feel like a rape victim, that question proves I'm dating a rapist.

Same goes for that survey claiming half of men are rapists if you don't call them rapists, asking ""have you ever used drugs or alcohol to get sex"" meaning any guy who bought a girl a drink at a bar is an attempted rapist.

So again.  What's your source?

&gt; It is still innocent until proven guilty under the law, but we aren't discussing law we are discussing culture

You've said this on Reddit.  I'm assuming you don't need the wall of text and links proving otherwise if I just point out your ""90% of rapists get away with it"" comment?",cv8bnsy,1442786229
cv8ixzm,kepold,i simply disagree with you about this. you will not be able to change my view by arguing that the military is good or that killing people is the kind of bravery and loyalty that is progressive. I think the opposite. it is vile and disgusting and proves that those in the military are mindless serial killers who are unable to decide for themselves whether murder is justified.,cv8irqg,1442797122
cv8jr5u,kepold,"your job, no matter what you say, is to make the military a more efficient of a mindless killer. even if you were just peeling potatoes. 

and i will never support the military, so please don't bother trying to make it sound better. just like i won't support isis. ",cv8jly3,1442798516
cv8k5v3,kepold,you're seeing the trees without the forest. I'm saying the forest is a pile of shit. and making better trees that contribute to a shit forest isn't for the better.,cv8k3aj,1442799192
cvaerhz,Coolosaurus4,"Aren't points 2, 3 and 4 reasons to reject the whole bible then? How do Christians know what to reject and what not?",cvaehyx,1442944233
cvbgtpf,manwithfaceofbird,"Slave labour is profitable as fuck too but you won't see anyone arguing that we go around using slaves. Making a life-essential medicine prohibitively expensive without a good reason beyond ""because it's more profitable"" is an evil thing to do and Shkreli is an evil person.",cvb4ed6,1443024416
cvbkyog,NotVeryGoodAtStuff,"He's a business owner in the medicine industry. His responsibility is to make sure that his company turns a profit. His responsibility isn't to give his product away for free to everyone who needs it. There is nothing stopping other companies from coming in and making that product, and selling it for a much lesser value. 

Oh wait. There is. It's not profitable for the companies to do so, because Shkreli's company can make the price higher, or lower, to whatever they want. 

Are other pharmaceutical companies unethical because they aren't willing to make that specific medicine because they'll lose more money than they make? 

",cvbb9h6,1443030376
cvbqhfo,KodiakAnorak,"A radio operator *who enabled mass murder*. How do you keep forgetting that part? How does the whole NAZI thing keep slipping your mind? Do the millions who died really mean that little to you, or are you a holocaust denier, or what?

&gt;They took 71 years to get around to this. Lets put a 91 year old in jail for 2 or 3 years where she'll probably die

And you seriously think that's worse than just letting it slide? Because mass murder is no big deal, right? Or at least, that's what you seem to be implying. Oh wait, excuse me, she didn't pull the trigger or drop the gas. She was just complicit, just a helper. That makes it all right!",cvbqcc2,1443038141
cvbps3k,Beelzebubs-Barrister,"The burden of proof should be higher, but if you have many documents from different sources showing that it did happen why should that be invalidated? With that logic anything that happened more than 50 years ago should not be chargeable if its not murder(Canada isn't responsible for the aboriginal schooling problem, America isn't responsible for institutional racisim etc.)",cvbpl8y,1443037187
cvcvdcg,live9free1or1die,"Statistical data proving immigration is a net gain for individual western nations would help.

Proving assimilation does not have to occur for immigration to be beneficial to western nations would be persuasive.

Citing evidence that Muslims, Christians and atheists can all peacefully exist together in western society would also be persuasive.

Everyone on reddit appears to believe immigration is phenomenal for the U.S. Economy - why? Why am I wrong to say the opposite?",cvcuk9m,1443120985
cvg21an,wolfman86,"&gt;But we couldn't determine what any of those were without experimenting,

Bollocks. If you think it's going to be a problem, you don't go. ",cvfwip4,1443381022
cvg34cx,Gekko_TheGreat,"Let me preface this by saying that I understand how tough these kids, and their parents have it; I know it can't be easy for them, and I fully appreciate how much it must genuinely suck for them from time to time. That said, *their* condition is not *our* problem.

If this had been some drunk asshole making noise, no one would have a problem with people telling him to shut up, or get out. If it was someone talking on a cellphone, I'm sure this actor's facebook post would've had a much different tone. But because the person disrupting the show is a kid with autism we're expected to just say: ""Oh, that's okay, please feel free to disrupt the performance that I paid $60 to see""? Fuck that. 

Is it unfair to these kids, absolutely it is, but guess what: *Life isn't fair*. *You* don't get to take it upon yourself to decide that everyone else has to accept your kid's behavior. *You* don't get to decide what other people have to be okay with, or how accommodating or understanding they need to be. 

Being a parent means that sometimes, you're going to miss out on things because of your kids, being the parent of a special needs child that much more, but that doesn't change the fact that it's your responsibility as a parent to know ahead of time what your kids can or cannot handle, and to then plan accordingly. If you take it upon yourself to say: ""Fuck everyone else, I'll take my kid where I want and they'll just have to deal"", then that's your prerogative, but in doing so you forfeit the right to complain/be offended when people tell you to control your kid, or get the fuck out.",cvfy5sk,1443382570
cvgcoil,Gekko_TheGreat,"&gt; Shame that we have to accomodate for people with disabilities, right?

First of all, there is a difference between making accommodations for people with disabilities, and allowing someone with a disability to ruin something for everyone else.

Second, it's the *businesses* responsibility to make any accommodations, **not the other customers**. If a theater wants to have a show just for special needs guests, that's great. If they want to have a ""kids"" show, I'm all for it. But when you have a show, with 300 - 400 people in a theater, who've paid anywhere from $60 - $250 to see a show, it is ridiculous to tell them: ""You just need to be more understanding"", when they complain about a kid yelling, and screaming, and ""yipping"" in the audience.  

&amp;nbsp;



That said, the whole ""If a person acts out, they can be removed"" argument is just ridiculous, especially when we're talking about one of the most foreseeable problems a parent will ever face. Not to mention that it's still going to disrupt the show that hundreds of people paid to see; one person does not have the right to ruin a show for everyone else, *regardless* of what their situation is. 

",cvgb3jy,1443398427
cvgd02k,Tyronto,None of that matters. They have a right to be there because they paid just as much as anyone else. Doesn't matter what you or anyone else think. Life has disruptions.,cvgcoil,1443399055
cvfu5ar,incruente,"Yes, such things can help you find the content of a play. But even that is hardly exhaustive. As I explained to another poster, I've seen multiple productions of the exact same play that were presented in such different ways that one would not, I think, bother even sensitive people, while the other was much more graphic. Do you really want her to look into every public thing she takes her child to, to the point of even how each scene is presented? How every art gallery they may go to is curated? Every scene in every movie?",cvftzjg,1443368109
cvkmdd1,itsmeagainjohn,"Is the parent responsible for the child's actions and well being in public?


At the end of the day the person in charge either takes the glory or the blame. ",cvkm0d3,1443716149
cvfxogj,getfuckingreal,"You are comparing nuclear energy against some imaginary and impossible power source that doesn't exist. Currently we have: Hydro, wind power, coal, solar, natural gas. They all cause more damage to the environment and deaths than nuclear power. Fear of nuclear energy is emotional and has no support in facts.",,1443374462
cvfxr4f,awesomejim123,"Hydro, wind, and solar power do not cause any damage to the environment and taking their widespread usage into account they cause far less deaths than Nuclear power.",cvfxogj,1443374575
cvh4it6,SomeKindWords,"&gt;before putting forth an opinion of your own

The reason I don't understand, I think, is that you aren't putting forth an opinion at all. You are just stating facts. If facts make someone feel foolish, well, they deserve to feel foolish then. You shouldn't respond to someone pointing out facts by being embarrassed... you should do it with equal parts interest and skepticism. 

If your goal is helping them, then yes, it is best to not shut them down immediately. I would say opening by asking them why they feel a certain way and arguing based around their answer is a good strategy for this. Eventually, though, you will have to state facts. If they reject facts, well, like I said, they are a fool and deserve to look foolish.",cvh3hqw,1443463771
cvhah6u,hydrospanner,"If they're not going to accept facts as valid, they're not really worth the dialogue, though.

",cvh5gdb,1443472236
cvjgwbf,alawa,"1. That doesn't actually happen

2. Animals being raised for our interests inherently denies them of their interests.",cvjguz4,1443632574
cvjc7hm,Crayshack,"First off, it is impossible to acquire food without disrupting and causing the deaths of some animals in some way.  Monoculture crop feilds make for horrible habitat for just about everything, farm runoff can [destroy entire ecosystems](https://en.wikipedia.org/wiki/Nutrient_pollution), farmers shoot a large number of animals who would eat the crops, and so on.  Under ideal circumstances, livestock and hunting can provide an extremely environmentally friendly way of getting food on the plate, and I see no reason to cut it out of my diet.  It is important to note that I see a value in the total assemblage of life in an ecosystem to be of far more value than the sum of the individuals.  I have no issue with harming a few for the purpose of the greater good.

Secondly, why do you draw the line at animals?  Everything you eat was once living, and I see no aspect that applies to all animals but does not apply to any plants or fungus.  To me, cutting out all animals from my diet is completely arbitrary and serves so purpose.  I can see potential arguments that will apply to specific groups of animals, and I expect that you will make them, but that if vastly different than the stance in the OP.",,1443625796
cvozz5a,klw,"&gt;Please CMV if you can! But I think this would be beneficial to society and easier to get done than gun control or better mental healthcare.

I had a discussion about this with a friend of mine over the weekend. These were our conclusions:

1. It doesn't make sense that it would be ""easier"" or more desirable to further restrict/repeal the 1st amendment than the 2nd. The fact that you and I are aware that people have linked news coverage to motive for mass killings is a direct result of news reporting, after all. I have read articles similar to the one you linked in the WSJ.
&gt;Congress shall make no law respecting an establishment of religion, or prohibiting the free exercise thereof; **or abridging the freedom of speech, or of the press**; or the right of the people peaceably to assemble, and to petition the Government for a redress of grievances.

2.  It doesn't make sense that news organizations will be reliably self-regulatory because there is a profit motive in most news reporting. People *want* to know about the killer and his guns and his mental health and his posts on 4chan and how/if people encouraged him and suchlike. Answering those questions (for hours on end, probably with a theme song) makes money and sells toothpaste and Viagra.

3. It doesn't make sense that the news consuming public will be reliably self-regulatory by ""voting with their feet"" and not consuming this content as a signal to advertisers. If you stop by CNN/MSNBC/FOX/CBS/NBC/ABC to find out about, say, Syria, you *will* see news on the shooting. So the only ""reasonable"" response to stop consuming news for the week or two after an incident because there aren't really any reliable methods to signal your desire to not see this *particular* news. You can't buy half of a newspaper and Nielsen reporting on watching 24-hour coverage is probably not as fine grained as one might desire. And, honestly, people *do* want to see it, regardless of the possible consequences. Just like people want their guns, apparently. See: selling toothpaste and Viagra to the public.

4. It's funny, but better mental health care probably won't do much, either. Fully 2/3rds of recent mass shooters have never had contact with the mental health profession. They may have actually needed it, but it's not like most of them were already in care and the professionals just missed the danger or their potential intentions. Better mental health care won't help people who don't seek it. The majority of recent shooters were described as male loners who were victims of bullying, had few friends, and were obsessed with guns and gun culture. This would describe the majority of guys I hung with in high school (we were the weirdos who smoked together before school and liked to talk about our favorite metal bands), and none of them shot up the school.

&gt;Formal guidelines on reporting suicide have since been adopted for journalists in the US, UK, Australia, Norway, and Hong Kong.

That's funny, because celebrity suicides are always front page in the US. Who adopted these formal guidelines? What was the mechanism of adoption? Who follows them?",,1444060139
cvqrbz3,AnEpiphanyTooLate,"This is the dumbest argument I've ever heard. Do you seriously think that religions go through some kind of ""growing pains"" phase? What the fuck?",cvqcfc2,1444178611
cvs8g5o,InsOmNomNomnia,"Wow, uh.

I don't know how much it will do to change your mind, but I'm genderqueer, and I'd like to think that I'm otherwise a fairly normal individual.

I don't bring up my gender unless it seems relevant to the conversation. I find false rape accusations extremely abhorrent, though I do believe their prevalence is grossly overexaggerated.

To be honest, I don't know how much scientific evidence there is to support non-binary gender identities; I adopted the label that best suited my lived experience. It definitely was not made up on the spot, though. After a lifetime of feeling not quite right being a girl, it all clicked for me when I learned about non-binary identities, and I was able to feel at peace with myself for the first time.

I think you might need to examine exactly why you feel so strongly about people (who in no way actually affect you) that you want them to die. Also, if you think we're all mentally ill (admittedly, many of us do struggle with mental illness, which is why suicide rates are high, even when we are generally accepted) you should want for us to seek help and get better, not die. Do you make a habit of wishing death on sick people?",,1444285568
cvs8jbo,Throwaya3345,"""Do you make a habit of wishing death on sick people?""

No, that's why I posted this. I'm normally pretty well rounded and like to love and respect everyone, but I've often noticed that these people who ""dont effect me"" will try to force me to accept them. Oh, you didn't call me a Zim? I'm gonna tell everyone you stomp on kittens heads in your free time! ",cvs8g5o,1444285849
cvs8tnr,Throwaya3345,"It's also what I've seen happen to others. I haven't had to deal with this often, but I constantly see it from them. They always attack the most ordinary wouldn't-hurt-a-damn-fly type of person whenever this happens. It's just like with feminists. ""Oh, that scientist wore a SHIRT we don't like! Fuck him! Make him cry!"" It's disgusting how they act. ",cvs8q1x,1444286805
cvslf01,Navvana,"As a biologist (not my field though) I find this amusing. Especially the part about wanting to discredit the social sciences. Regardless if you want to argue semantics this will go nowhere. The CMV you first need to have is the far more fundamental ""I think gender and sex are the same thing"".  If you don't accept that they are distinct for whatever reason then of course those who do accept it will seem ridiculous in their behavior. That doesn't mean they are crazy. Those who accepted germ theory early were ridiculed for washing their hands despite tangible results. It occurs with religion everyday. What you are experiencing are people who have a fundamentally different view of the world than you. If you want to understand their actions you need to assume their initial premise is correct. Even if you think all these people are misinformed. ",cvsjbpm,1444320058
cvsiu8f,Throwaya3345,"&gt; Then there are those who quite simply don't buy into genders at all and want to eliminate the classification entirely for a reason I think you can get behind. It restricts liberty.

That's total nonsense. It doesn't matter how you feel, you're always either male or female. Even those with multiple genitalia are the same. Chromosomes. Saying you don't accept your gender for liberty is no different than saying you don't accept that you're human for cynical reasons. I'm not human, I feel like a meerkat. That doesn't make sense. ",cvsfr63,1444316174
cvsy8bc,Throwaya3345,"Ok, look, here's my issue. If you're going to say you aren't your birth gender because of societal roles of what gender is, how is that different from saying your black because you fit the stereotype of a black person even though you have no black bloodline? How is it different from me declaring I'm a dragon-kin because I feel like it? If it's just because, than that's not good enough for me. ",cvsw6oo,1444338666
cvs8ccg,Throwaya3345,"I already said I'm a fairly liberal guy who believes in peoples equal rights and treatment, that's why I kinda dislike how I feel right now. I have no problem at all with trans people, gay people, or bi people. They're perfectly ok. I think the stigmas against them are akin to racism. I just hate the multi gender crowd because their beliefs are so easy to tip over. I mean, we know gay people are probably just born gay. And we see it in nature, in many places. There's no logical argument against being gay. These people aren't born ""gender fluid"". 

Multi genders make no scientific sense. It's a fact that there's two genders, that's  it. Acting like you have a different gender because you may have some traits that aren't in total absolute lockstep with your culture's stereotypes doesn't mean anything. But they seem to think it does, and they're really annoying about it. Also, no, I didn't seek out these people, you're making horeshit assumptions about me. I've met them personally. They're degenerate abominations who just try to suck empathy out of you like vampires for the most asinine reasons. ""my boss called me a girl! I'm gonna go cut myself! And I'm telling you because I know you have too big a conscious to ignore me so i'm gonna take advantage of you!"". ",cvs7z3i,1444285226
cvs8vx1,Throwaya3345,"I do, actually. Ive met many. And they're some of the nicest people I've ever met. The problem is, when a guy feels he's female, or a female feels male, those genders are *real*. And you even admit they're made up. Believing you're something that's not real makes you a lunatic. Hey, I'm a vampire, I can turn into a bat too. 

Does that sound sane to you? And if not, what makes it different? ",cvs8p1f,1444287026
cvsxaph,Throwaya3345,"Like I said a million times before. Exceptions do not change the general rules.

Also, yeah, I knew I was a boy long before I understood all that stuff. You know what? I also knew I was human long before I understood what that really means. It must be nonsense. I'm a chimp now, because I wanna jerk off in public and throw my shit around.  After all, there was a time when humans and chimps were still close enough to have infertile offspring together. That must mean there's not just chimp and human, but we must also include all the in between, even though it's not relevant.

Just stop it already.",cvsvwuy,1444337291
cvthcdh,Frallec,"Because UBI is inherently flawed. What you are doing is not creating any value, it just destroys value. https://www.youtube.com/watch?v=KigzfZRf5ig here is a more in-depth explanation. But basically, moving money around does not create value, and is also immoral, because the money will be taken under the threat of violence.",,1444375861
cvtzrhj,hoppierthanthou,"Right. No one would be that poor in libertopia. Not like there are people who can't afford insurance now. Nope. You're also assuming a world in which everyone is perfectly informed in their buying choices which, while it would be ideal, does not reflect reality.",cvtyq4k,1444416423
cvu008n,GoldenTiger117,"Except that is not his point and your argument is irrelevant. If people who can barely support themselves DECIDE to have a bunch of kids they can't support then why should they get pay increases. Would you demand the same if a couple of street people had a bunch of kids ? Of course not. Also no that's NOT the way it goes not everyone wants to get married or wants or even likes kids.

I agree with OP people who can't afford kids shouldn't get their pay increased because they were too stupid to use protection or get an abortion",cvtyn5z,1444416781
cvu0ixx,GoldenTiger117,"What he's saying is that poor people shouldn't be able to have kids KNOWING they can't afford them and then turn around and be like ""see ? You need to pay me more because I can't afford these kids I shouldn't have had in the first place""

I'm not afraid to say what OP won't though. I absolutely believe that people who are so poor they can't afford kids should not be allowed to have them. Being stable and then suddenly losing your job is completely different than having no job/welfare/Shitty $10 an hour job and deciding to have kids.",cvu0b07,1444417556
cvu176g,GoldenTiger117,Wut ? I'm concerned about both. My stance is that if you're too poor to afford children you shouldn't be allowed to have them. ,cvu0wsb,1444418565
cvu3dxj,balancespec2,I'm arguing both. I'm arguing that kids are a luxury equivalent to driving a new car ir owning a house and you should neither expect to afford it on minimum wage nor should you expect your employer to help you afford it,cvu0dcx,1444421882
cvu5q1d,balancespec2,"See I don't get this whole moral obligation to continue our species. If we don't continue our species because we find it more beneficial to us to live our lives comfortably or find a way to live immortally, then how are we hurting future generations if they don't exist?

It's the same thing as worrying about ruining the planet. The only people who consciously care about the planet are us and we only care because of how it benefits us... so why people prioritize the planets well being above humans comfort and wants is beyond me",cvu5fwt,1444425584
cvu7eko,LUClEN,"That stance is a problem as starting a family is necessary for the state to thrive and continue to function the way it does. Since it is required, and citizens are required to do it, there should be some form of compensation for it. If we expect people to reproduce, but do not give them a means to manage that task, we are asking people to do what they can not, and then punishing them for it, all so society can continue to grow and operate. ",,1444428372
cvu32bx,exaltedgod,"&gt; Which costs money. That minimum-wage workers generally don't have, because they're struggling just to stay fed, clothed and housed.

Which there are programs for people that do not make enough. Billions of dollars go out the window in unaccepted grants or scholarships. There are so many paths for people to better themselves but instead of trying to figure that out, they would rather just stick out their hand and say ""Where is mine?""",cvu28pz,1444421411
cvu3q5s,exaltedgod,"No it doesn't. But how many people are actually really trying to get better at a demanding skill? Not a lot apparently since job boards are looking and taking dam near any body nowadays. Those that can't, get the support they need to get by but if they want a grander life they have to break the box and do things beyond their limitations.

Either you want it bad enough you work your ass off for it, or you are okay with being mediocre. There isn't a middle ground to be had there.",cvu3kzw,1444422379
cvycdhd,nude_peril,"Without a gun, how will I be able to protect my life against a superior attacker (either physically superior, or an illegally armed attacker)?  Do I have no right to protect my own life, or the life of my family, against someone who wishes me harm?",,1444757239
cvymxnt,Arizth,"Fair point, but animals still aren't citizens, and so have no right to free speech.

""Rights"" to anything are a human social creation. Most animals aren't humans.",cvymtek,1444771839
cw50tk0,alanforr,"&gt; 2/3 of gun homicides in America are suicides.
&gt;
&gt; So it's clear that at least 2/3 of gun homicides are mental health issues; if the suicidal person had proper mental health treatment, they likely would have been able to overcome their suicidal thoughts/tendencies.

When a person commits suicide he does so because he sees it as a solution to his problems. For example, if he has a lot of debt that he doesn't know how to repay, his creditors won't be able to hound if he is dead. Or if he wants sex but no woman will touch him, then he may prefer death to living alone.

A person does not commit suicide because of a fault in his body. Suicide isn't like an epileptic fit. It requires taking deliberate actions. In this particular context, suicide requires finding a gun, picking it up and then putting it to some part of your body and pulling the trigger. This action is not an accident, or a twitch, or a fit; it is a choice.

If you're saying you want to prevent a person from making that choice you have a moral disagreement with him: that is not a medical issue. If you are saying the person should be ""treated"", then you are advocating offering him some option that you see as helpful. This is also a moral issue.

Some people will turn down such help if it is offered. If, as is common today, such a person is told that he has no choice and will be locked up in a mental hospital without trial, and with no hope of release except at the whim of psychiatrists, then you are advocating reducing that person to a rightless lump that you can dispose of as you see fit. Your position implies that such a person has no right to control his life or death. And if he attempts to take control over his own death he will be punished: you will inflict something on him that he does not want. This is a legal and moral issue.

A person who commits mass murder also takes deliberate actions to do so. This is a result of values, not some fault with his body. This person has made a choice to murder a load of people. How this person should be treated is a moral and legal issue, not a medical issue.

If your suggestion is to offer people who are having a hard time sympathy, or advice, or drugs or whatever, you should say that clearly. If your proposal is to inflict sympathy, or advice, or drugs on people having a hard time without their consent, then you should say that clearly.

For clearer explanations of why your way of putting things is wrong see ""The Medicalisation of Everyday Life"" by Szasz.",,1445252039
cw5ilg6,alanforr,"There is not overwhelming evidence to refute my claim. There is no way to detect mental illnesses solely by testing the chemical and structural properties of the body. Look at the diagnostic criteria in the DSM for schizophrenia. It lists behaviour and then exclusion criteria for medical conditions:

http://www.schizophrenia.com/ami/diagnosis/mrBIPOL.html.

And it's also not the case that there is a test that can be done during autopsy looking at brain structure to determine whether the person was mentally ill. There is no evidence that mental illness is a result of faults in the body. As a result the fact that people who commit suicide were diagnosed as mentally ill provides no evidence that it is a medical problem.

And it would be surprising if there was such evidence. There is more to life then whether your body happens to be working properly. There are problems to do with stuff other than medicine, like debt, loneliness, employment problems, boredom, problems getting along with relatives or friends and other stuff too. You think all of that stuff is a medical problem?",cw54iof,1445284319
cw57tgv,fuck_sjws13,"It may be tautological, but so many people are indoctrinated with the feminist ""women are perfect angels who can do no wrong"" narrative that they refuse to believe it.",cw56uup,1445268353
cw66tiy,PanopticPoetics,"&gt;Certainly this sort of language is not conducive to actual understanding.

I agree: the caricature you've portrayed of the authors position is probably not all that fair. Now, I haven't read this particular book that you speak of, but I can see a line of reasoning in between the lines of your paraphrase and it is fairly common--which leads me to believe you are not being charitable in your interpretation. Can't imagine much understanding can take place amidst this kind of misrepresentation. And clearly not much understanding did take place if you think what the author is saying is that of ""equating today's whites with the whites of 200 years"", as if the author is blaming white people today for the actions of white people 200 years ago. Because of the way you've read the author, it seems like you want to say that we don't owe reparations. This is what you are saying, right? Please correct me if I'm wrong. (Clarifying your position might be helpful for me, as it seems like there are a few distinct issues in your post that are being blurred together.) I think you might be arguing against something nobody is arguing.

Lets look at an analogy, which will hopefully clear up some of the confusion (but not all of it (it is not the best analogy and only addresses one point, and also leave behind many subtleties)).

Let's say person A cheats person B out of their life savings. Most would consider what A did to B was wrong, and that the money the A now has in their possession is ill-gotten or illegitimate. This leaves B in a very poor spot, dissolving the life prospects of B and their family. Now, suppose that A and B both die and pass on their belongings to there children: A has child G, and B has child R. G now owns all the money that A cheated B out of (and by extension cheated R out of). R is worse off now than they would have been had not A cheated B. G is better off than they would have been had not A cheated B. 

Now, can you honestly say that the money that G has now, by way of inheritance, somehow is not still illegitimate, just because it has been passed on to someone else's hands? By what magic would this ill-gotten money cleans itself? If G was at all concerned with justice, what do you suppose they would do with the money? I think what justice calls for is for G to pay reparations to R, even though G is not the person that cheated B out of their money. No one is blaming G for what A did, but G is blameable and complicit if they do nothing to right the wrong, especially when one has or is currently benefitting from said wrong at the expense of others. A wrong that is never redressed does not just go away if we ignore it.

&gt;Every white person alive (shit, probably even modern Klansmen) can convey that history of white appropriations are to blame for virtually every economic, political, and probably social issues blacks in the Americas face. 

I can point you to some subs here on reddit, if you want, where a majority of the users don't believe this.

&gt;there's nothing you or I can do about it. 

Bullshit. There is nothing we can do to change the actual past, but there is plenty we can do going forward.

&gt;The author is being condescending

Let's pretend that this is actually about language and/or method of the message. Why is being condescending off the table? Why is it such a bad tactic, especially when no one seriously cares to hear what you have to say otherwise (particularly when it falls outside of the dominate narrative)? You understand how debilitating marginalization is, right? It seems to me this call for politeness is still the dominate group setting the rules of the game in their favor. Why should the subordinated group not try to find other ways to get a voice, outside of the ""acceptable ways of discourse"" determined for them? Why should they not be mad and frustrated? What have they got to lose when they are mostly silenced anyways?",,1445330217
cw989qf,daniwoodwardama,"I'm going to assume you are for the free college after you made a point about college debt. Free college is a terrible idea, not from a misused of tax money, but it will only inflate the job market and lower wages. ",cw984zs,1445543898
cw9e087,ZenerDiod,"&gt; I'm holding off on my PhD because it's 50k.

You're holding off your PhD because you don't think it would be worth the investment, and that's a good thing. You said talented kids shouldn't drop out because they can't afford it, I ask again, where has a kid with good grades dropped out in the middle of a program due to lack of funds?

&gt;I don't think the point of education should be job training.

I have to disagree, in a modern economy it is **the** point of education. It's 2015, if you want to learn for the sake of learning they're plenty of online resources, that how I learned everything I know about the humanities and social sciences. 

&gt;If it's necessary to educate to improve an advancing field, it's in our interest to remove cost.

I already linked in this thread to a study that shows the American work force is overeducated, not undereduated.",cw9dgm4,1445552594
cwaw98i,silverence,"Notice how I said people on university campuses, which absolutely tend to be more pro-choice.

Also notice how I didn't take one position or the other. I stated facts. What is it with conservatives that make them automatically assume they know someone else's position when discussing divisive issues? Is it because they just tend to rely on stereotypes and generalizations, or is it just their pathetic persecution complexes?",cwankzi,1445662316
cwbq8cp,Dathadorne,"&gt; every vegetarian spares the life of around 75 animals a year due to supply and demand. 

Why do you keep assuming these lives have inherent value? You haven't established that they do, and it's a gaping whole in your arguments.

These ""75 lives"" wouldn't even exists but for the need to turn them into food.",cwbn4yf,1445735334
cwbm0cn,doug_seahawks,"I am opposed to animal abuse. Why? Because I don't think someone should go and kick their dog for barking, or throw rocks at a cat because they think it is funny. These animals did nothing wrong, and intentionally causing them harm does nothing beneficial for anyone while harming the animal. In it's most basic sense, I would consider animal abuse the unnecessary harming of an animal.

The key word in that statement is unnecessary. I think that factory farming of meat is a necessary part of our global economy and food source. Just think about what would happen if we somehow magically removed all meat from everyone's diet due to ethical concerns. [The average person eats around 92 pounds of meat per year](http://chartsbin.com/view/12730) and, with your number of &gt;99% coming from factories, let's just say 91 pounds of meat is removed from everyone's diet. 

How would we possibly get the farmland available to produce 600+ billion pounds of soy product? Is the meat production industry perfect? Not at all, but I recognize it as an necessary fact of global food production, and therefore think it is unreasonable to boycott it as abusive. ",,1445727129
cwhovlc,AntonioOfVenice,"&gt; feminists going back as far as Bouvier 

Are you talking about Sartre's wife? If so, you misspelled her name.

&gt; have agreed that sexism is a cultural attitude that infects the thoughts, perceptions, and actions of everyone exposed to it, not just men. 

That may very well be, but feminists are now trying to claim that any woman who disagrees with their angry agenda has 'internalized misogyny'. As much as feminists proclaim to be ""stronk, independent women"" - their agenda is to deny women the right to be independent.

&gt; If any idea would be radical in feminist circles, it's that one, because it'd require a massive rejection of an entire century of feminist theory. 

Feminists take their 'theory' about as seriously as the rest of us. Which is why you now hear them echoing the belief that transsexuals are born with the brains of the opposite sex, whereas their previous belief was that gender is a ""social construct"". You can't hold both beliefs at the same time.",cwhornx,1446156742
cwp2s7c,noluv4uhoes,"&gt; I asked how you feel

I said it already in the OP and repeated it several times.

&gt;do you think, all things being equal, people who eat meat are less ethically superior to people such as yourself?

Ethically, yes, if the people are identical. How can someone who supports animal suffering be more ethical than an identical person who doesnt support animal suffering?",cwllrkm,1446698991
cwp3886,forestfly1234,"So you think that people who are vegetarians are ethically superior to meat eaters. Own that. Stop deflecting. Say that you think people who are vegetarians are better than those who aren't. Say that based on my personal ethics, I think I am qualified to judge who is a ethical person and who isn't. 

I'm better than you. Own those words. You think you're superior. 6 months of being a vegetarian and now you think you're better than all of us. 

You have been veggie for what 6 months. I'm pretty sure that I stacked up all the dead animals you are responsible for there would be a lot of stacking to do. Don't you agree. How many dead animals are you responsible for?


Let me clue you in on  something. I don't think you're any better than me. You're using something as a metric to claim that you're better than you value a lot, but I value you as zero. 

Vegetarianism to me is zero on the ethical scale. I don't owe you anything. You have zero superiority over me. You can claim it all you want. It doesn't mean I have to or should give you anything. 
",cwp2s7c,1446699928
cwly6ni,EagenVegham,"&gt; So you don't think marijuana ought to be legal in general

I don't think it should be illegal. I think it should be decriminalized and available to those who actually need it.

&gt;Why should we abide by laws we find unjust ? Are unjust laws still legitimate ? If so, why is this distinction meaningful ?

Just because a person disagrees with a law doesn't mean they should be able to break it without having to face some consequence. Unless there is some reason to break the law there is no reason to try and change it without breaking it.

&gt;Don't people unjustly treated deserve sympathy ?

I consider those who have need of marijuana but don't have access to it the ones who are treated unjustly and I do have sympathy for them. I do not have sympathy for those who break the laws simply because they want to.",cwlxty1,1446493780
cwm8vaw,HeyArnoldPalmer-,"So black teens who overall have an unemployment rate of 43.1% are actually BETTER off when illegal immigrants work for less than minimum wage?

Insightful.",cwm8s8o,1446509220
cwsjhtw,Sonnington,"I can't follow your example. It's needlessly complex and not explained thoroughly enough to make sense. I also think the logic is fallacious and rather superfluous. Some simple questions: Why are you producing clocks at different prices if they both sell for 2 dollars? Why are you selling a clock for 3 dollars when you said you could sell it for 5 dollars?  Why are you selling a 3 dollar clock for 2 dollars? Why are you counting only selling the 1 dollar clock for 2 dollars and not counting the 3 dollar clock as a lose since you're forced to sell it for 2 dollars? There's a lot of logical problems with this example and flat out erroneous thinking. I'd like to leave your example behind as it's inherently flawed in both merit and results.

The real issue is that wealth is leaving the system in exchange for junk or disposable goods that does not create wealth. The fact that wealth is leaving is bound to create inflation and hurt domestic job creation. It's expedient and looks good initially for the consumer, but like all government policies the expedient good is often met with high costs down the line. Sure, no one argues that free trade creates lower prices for consumers, but it also creates inflation and takes jobs out of the market. So you're going to pay for it one way or the other.

Here's my example, I'm paraphrasing from something Warren Buffet once wrote. I can't find the original quote. Lets say we have two island nations. Both island nations have to work 8 hours a day to produce enough food to live off of. Island nation A decides to start working 12 hours a day in order to sell the surplus to island nation B. Island nation B now doesn't have to work as hard to produce the food they need. The prices of food go down and they have more free time. This is wonderful right? Island nation A gets money that they want and island nation B gets cheaper food which translates into more free time. The problem is, island nation B is giving all their wealth to island nation A in exchange for cheap disposable goods that doesn't add any wealth to their nation. This can lead to all sorts of issues, inflation, or island nation A deciding to purchase all the land and businesses from island nation B.

This is the intrinsic problem to free trade. You're giving a foreign entity wealth in exchange for worthless junk.",cws4m79,1446955516
cws2ay6,IAmWhiteBoy,"I don't need to make up for it. My family has lived in California for generations. If anything, the only people I owe reparations to would be the Chinese and Irish who were horribly abused during the gold rush era of California. Guess what? I'm Irish. Where's my money?",cws13yq,1446924915
cx0fj6u,bobfrompinecreek,"&gt;Many famous painters and musicians didn't make enough to live off their art.

If someone is famous for their art/music they are making a living off of it.

&gt; but why can't amateur or learning artists call themselves artists

Calling yourself an ""artist"" has become pretentious (""I'm an arteeest"" with a dumb beret and a smug face). In terms of a profession, the same way you shouldn't call yourself a house builder until you can build a sound home (being able to make money off your craft now comes with the territory. OMG CAPITALISM IT'S THE APOCOLYPSE!!!), you shouldn't call yourself an artist. ""Starving artist"" is the tongue-in-cheek, proper term.",cx0f00z,1447548124
cx2yp6v,Yggdras1l,"I work 80 hours a week (working on a PhD), have a 1 year old daughter, and still have time for the gym.  My Master's thesis was on a similar topic, analyzing quality of life and depression in nurses.  Those who chose a glass of wine, watching TV, or relaxing in a bath had significantly lower quality of life and significantly higher incidence of depression (p&lt;0.05 on both).  It is a choice not to exercise and it is a choice to make excuses.  It is also a choice to suck it up and meet the minimum physical activity guidelines of 30 minutes a day, 3 days a week of moderate to high intensity physical activity.

Those who do not exercise tend to have a more negative outlook, decreased QoL, increased depression, decreased self-confidence...all of this is avoidable! If a spouse refuses to exercise, they are selfishly hindering the relationship...there's no other way to say it.",cx2jt28,1447735297
cx3v9jj,Imakeatheistscry,"&gt;No difference whatsoever. As I said, what matters is the consequences of a phenomenon, not whether it has a scary visual and gets lots of media. From the perspective of the public good, a dead person is a dead person, no matter the cause.

Sure a dead person is a dead person no matter which way they died. I'm not arguing that. I am arguing on the punishment. You said that when 3,000 die via a terrorist it should be pursued as much as 3,000 that die from car crashes.

So assuming your entire family is murdered via a terrorist. You would be absolutely fine with him getting the same punishment as someone who accidentally killed an entire family in say, a car accident (small amount of prison or none at all).

&gt;ISIS is a pretty mild threat, probably as bad as the Medellin cartel or some other really big drug gang. But that's about it. Have an FBI office on them, sure, but no multi-trillion war. It's not bad enough to justify. Invest in poverty reduction instead.

Why invest in poverty reduction? As long as ISIS is around it isn't going to do shit. They already blow up schools as is. 

",cx3unii,1447801525
cx8ok7d,bokono,"Is depression ""curable""? What would you consider a"" cure"" for depression? SSRIs? There's plenty of contention as to their efficacy and they can have serious side effects such as the loss of sexual function and sensitivity. Would you consider the loss of your ability to perform or enjoy sex to be a serious quality of life issue? 

Also, where did you get that 90% figure from? 

You understand that depression isn't the only mental illness a person can suffer from right? There are a number of debilitating mental health conditions and disorders that can make life unbearable for those afflicted. ",cx88bxy,1448163530
cx96ef7,Celda,"It's not just fringe radicals that hold unpalatable views. It's feminists everywhere.

For instance, just last week, the University of York (England) planned to acknowledge International Men's Day. The statement about it highlighted issues like male-underachivement in university (which is true in all Western countries), male suicide and mental health (men are far more likely to commit suicide than women, etc.

You can read the original statement [here](https://www.reddit.com/r/unitedkingdom/comments/3t1l7p/university_of_york_cancels_international_mens_day/cx2ah47).

In response - a few hundred feminists at the university wrote a bigoted and self-serving letter to the university condemning International Men's Day, and saying that it was bad because it did not address women's issues (which was obviously the point).

Which you can [read here](http://www.nouse.co.uk/2015/11/16/open-letter-blasts-universitys-decision-to-mark-international-mens-day-read-it-here/).

Because of that, the university backtracked and cancelled it.

These are not just radicals - these are the people representative of feminism, far more than those who claim to be feminist but do nothing in the public sphere related to feminism.",,1448215784
cx9irae,Celda,"Why are you pasting one paragraph as though that proves anything?

If you wanted to accurately encapsulate the letter from one part, you should have used this:

&gt;The closing remark  gender equality is for everyone  echoes misogynistic rhetoric that mens issues have been drowned out by the focus on womens rights.

You're right - it seems pretty crazy to me. Feminists claiming that the statement ""gender equality is for everyone"" is misogynist rhetoric. 

And the position that men's issues have been drowned out by the focus on women's rights? Well, only a misogynist could think that - just look around you. It's not like we ever see that happening anywhere.

",cx9iazu,1448234799
cxaiybs,Dinaverg,"THe problem is that gang violence isn't directly counter to discussing gang violence, where as 'being drowned out' is directly counter to being heard complaining about being drowned out. Kinda like spending the majority of your time in a debate complaining you never get time to speak in  the debate. ",cx9vl85,1448310409
cxajgr6,Celda,"So if a feminist group was banned by the university without good reason, if they then claim that they are being silenced, then their claims are false. Since they are able to complain about being silenced, thus they weren't silenced.

Edit: Or, if anyone complained about the government silencing dissent or protests, then their complaints are invalid. Since we can hear the complaints about the government silencing dissent.

Your logic is ridiculous.",cxaiybs,1448311128
cxauglu,whosewoods,"&gt;To a certain extent, our actions are an extension of our personality and the views we hold, so if your gay friend says ""I don't like it when you say that"" and you continue to do so, it would indicate to me that you respect your gay friend (and possibly other gay people too) less than they deserve since I have no doubt you would cease saying ""nigger"" if a black friend told you they had a problem with it.
 
 To a certain extent, indeed. This is the crux of the /r/SRS vs Reddit at Large movement. To what extent do we owe other people the right to not be offended at the expense of our own expression. I might counter to a close friend offended by something I said that, ""I don't like it when you put your personal negative connotations associated with language on my expression."" Obviously there's some kind of line to be drawn. It's unreasonable for me to shout ""nigger"" in Times Square and be self-righteous about people being offended. But what if I say a white lady practicing yoga is culturally appropriating from Asian culture? Being that ""gay"" as an insult so ubiquitous among self-identified not-homophobes, I think it's unreasonable for someone to assume that calling something ""gay"" is necessarily bigoted. It may make you uncomfortable. It may imply bigotry, just as me saying ""bitch"" might imply misogyny. If I stub my toe and shout ""bitch"" it's probably not very indicative of anything. If I call a woman I'm on a date with a bitch for not giving me a blow job under the table, I might not be a feminist.  ",cxa7vin,1448327837
cxbjvr9,ElysiX,"&gt;we all know what morality is [...] You can figure out what I meant

Yes and i figure you mean you (or your peers) have supreme authority over morals and that there is one moral system that is the right one, being your one, and all others are wrong.",cxbjr7e,1448385108
cxcj87x,BenIncognito,"&gt; Therefore, whites are more likely to be the victims of other races and should be outraged that nobody recognizes their plight

This has nothing to do with the BlackLivesMatter movement, if white people ought to be outraged - then you need to be upset with white people, not movements dedicated to black people.

&gt;  black people should worry about the fact that they are killing eachother at a number near equal to that of whites when they make up less than 1/5th of the population.

Black people do worry about this, like...a lot. Every single time black people are upset over a police shooting this point is trotted out as though nobody gives a shit.

[Well](http://www.slate.com/articles/news_and_politics/politics/2014/12/black_community_is_concerned_with_black_on_black_crime_suggesting_otherwise.html) [they](http://mediamatters.org/research/2014/12/01/fox-news-pundit-cant-remember-any-of-these-time/201725) [do.](http://usatoday30.usatoday.com/news/opinion/forum/story/2012-06-12/jesse-jackson-gun-violence-marches/55527742/1)

So called ""black on black violence"" is a *huge* topic of discussion within black communities.

Now, on to your actual view - which none of the 135 words you've posted actually backs up. In what way is the BlackLivesMatter movement misguided? Do you even know what it is they're advocating for or what they want to address?

If black people commit more violence against black people, does that negate the violence committed against black people by the police? Are people only allowed to be outraged about one thing at a time?",,1448457562
cxcq4sj,Tappen_Zee,"""Are people only allowed to be outraged over only one thing?""

You just sealed OP's point, they aren't outraged by black on black crime. They aren't drawing any attention to it and that's the point, that's why it is misguided. Police shootings is a much smaller problem than black on black crime and there is absolutely no focus of any sort on it. If they really cared about the deaths of blacks, they would focus on the largest problem in addition to police shootings. But they don't, they never discuss it, and if people even bring it up an argument starts about it rather than admitting it is even an issue. 

Edit: people down voting me are only supporting and sharing the negative stereotypes of BLM. People don't care about social discourse anymore. They want to be heard and don't want to listen. ",cxcj87x,1448470146
cxcjfcu,brewski4broski,"I don't care if people are killed or not, black or white or asian. In general, what happens to other people is not something I concern myself with. I take the ""BlackLivesMatter"" tagline as people thinking that I *NEED* and *SHOULD* care about every single black person who is killed. 

Why can't I Just care about people in my life who are cared, instead of strangers?",,1448458083
cxcobjl,BenIncognito,"&gt; It's really not difficult to understand. I'm also sure most of the people saying ""educate yourself"" would agree that it doesn't take very long to look up. Maybe, just maybe when someone disagrees with you it isn't because they ""don't understand enough"". Maybe that's just what you run to when you can no longer defend your position.

If you spent that little bit of time to look it up, you would know perfectly well why there is backlash. It isn't a double standard, since AllLivesMatter and WhiteLivesMatter are nothing but excuses to dismiss black people and their strife.

&gt; Or maybe it's about bringing people of all races together and not obsessing over a skin color. You can still talk about black lives issues under an AllLivesMatter movement.

That's horseshit. Where was AllLivesMatter before black people decided they needed a movement to talk about the real danger they face from police?

&gt; Lol can you honestly not see how blacklivesmatter=progressive and whitelivesmatter=racist trash is so obviously a double standard? This isn't a zero-sum game, both are important and saying one doesn't take anything away from the other.

White lives already matter, a lot, to society. I've already explained to you where the double standard is - but you would rather pretend that all I said was ""educate yourself"" and ignore my position.",cxco7ew,1448467403
cxd0wlu,Meigou_pengyou,"While your arguments are valid and sound I have one question for you.

If all lives matter, why is it so hard for those supporters to say, blacklivesmatter?

So, I ask, do you think blacklives matter?

Saying black lives matter, doesnt mean, white lives, or asian lives DONT matter. Black lives are a subset of all lives! 

So can I see you write black lives matter?

If not then you can see why the alllivesmatter movement is more about overshadowing the blacklives matter movement. ",cxcqybo,1448486482
cxeaq6q,wedontluvthemhoes,"&gt;someone can dislike the label of feminism without being against women's rights

What is ""the label of feminism"" though? What does that even mean? Either you're against feminism itself, or you're not.

If you're against feminism that means you *stand against the struggle for gender equality*. It means you want men to remain in a position of privilege in society. 

Its like saying ""Im pro-racism but im not racist"".

&gt; People can dislike the actions done under the label of feminism, and thus be anti-feminism

You can dislike stereotypical tumblr feminists without being against feminism though, cant you? Since those people make up a small minority of all feminists it doesnt make sense to be anti-feminism.

It makes about as much sense as being anti-white people because of all the school shootings.",,1448589693
cxh80zh,klw,"You wish to remove privilege in order to legalize plural marriage? So, reduce rights? What a deal.",cxh7oga,1448836990
cxhd9y7,ILikeLeptons,i think you're presenting a false dichotomy. recognized polyamorous marriages does not imply revoking spousal incrimination in courts.,cxhbkln,1448845463
cxk452q,Nightstick11,"You have a Canadian guy looking at PRISON TIME for literally disagreeing with some feminists on twitter. 

You have students who get EXPELLED from college, professors and presidents who get FIRED, for saying something that hurt someone's feewings. An expelled student cannot go to another university. Professors cannot find jobs readily. PC types would literally sentence someone to a lifetime of economic hardship because they disagreed with you. 

Europeans go on trial and face fines or prison for saying things that someone disagrees with. 

How is the free world NOT being overrun by sensitive lunatics?

Other countries throw people in prison for literally saying things others do not. How many generations until Americans suffer the same draconian fates? You already have unhumanlike savages who think nothing of. Urning businesses owned by people they dosagree with or stalking people job to job in an attempt to get fired for simple disagreements. ",,1449036034
cxol4td,sumnihil,"As a bit of a qualifier, I do agree that corporal punishment *as it is commonly practiced* is inappropriate. However, disagree that it is *a priori* harmful, and will move forward with that proviso

&gt;It teaches kids that in order to get people to do what you want, you should inflict pain

Applied broadly, this idea would make any punishment inappropriate. 

* Time outs or grounding: in order to get people to do what you want, you should isolate them socially

* Taking away of privileges or games: in order to get people to do what you want, you should deprive them of things they enjoy.

* Forced public apologies and reparation: in order to get people to do what you want, you should publicly humiliate them.

The fundamental purpose of any punishment should be to condition a negative response to a certain stimulus, not merely to inflict your will upon another. The tricky part comes in dealing with which stimulus the child ends up associating with a punishment response. The research I have read (and please understand this is not extensive. I have only a BS in psychology, and avoided much developmental psych. I was focused more on the neurobiology of psychology than behavioral psych) is almost all based on survey data and is inherently biased. Those who most strongly remember being spanked were spanked inappropriately, and associated their punishment not with whatever caused the spanking, but with the emotional state of the parent who spanked them.

I do not know of any research that focuses on spanking as a passionless consequence of rule breaking.

&gt; I believe it also causes kids to fear their parents... it isn't fair to essentially attack kids because you are angry with them

Again, this is a problem with the application of corporal punishment, rather than its merit. If you are hitting your child because you are angry with them, or in order to show dominance, then these statements are certainly true, and you are likely being abusive. The same is also true if you yell at a child and send them to their room, or force them to sit in a corner and cry. It is the attitude of the punisher, not the punishment (within reason, certainly. Calmly punching your child is still clearly abusive) that can harm the child's psyche.

I am going to give some personal information now, and you may well ignore it as anecdotal (and will in fact cover two points you raised above regarding children being different and how I was spanked as a child), but I have found nothing that counters its merit.

I grew up with a sister and a step sister. I was imaginative and precocious. Time outs, grounding, and deprivation were nothing to me, as I lived mostly in my own head anyway. No punishment was sufficiently onerous to me to alter my behavior in any way. My sisters, however, could not stand these punishments, and feared them greatly. Finally, my stepfather and mother told me that, for certain offenses, I would be spanked. What qualified as a spanking offense was made clear to me, and a promise was made that I would never be spanked in anger. The same deal was made with my sisters because they wanted to be fair, but each was only ever spanked once, as it was clear to both of my parents that they suffered much too greatly in relation to the severity of the crimes they were punished for. 

I was spanked with fair (though decreasing) regularity as a child. And each time, I feared the spanking, though I suspect no more than my sisters feared time outs. I never feared my stepfather outside of the times I knew I was going to be spanked, and I always knew ahead of time because I knew the rules. He never hit me while angry, and he always made sure that I knew that I was being punished for what I did, not for what I was. I never felt shame or humiliation at being spanked, and was never told it was for my own good.

The long and the short of it is that I learned that my actions have consequences, and sometimes those consequences are unpleasant. I agree that most parents don't approach spanking this way, and the way that most parents do approach it is wrong. But if approached dispassionately, with clearly defined boundaries, it is one of the strongest ways to condition a child's behavior. ",,1449362089
cxrmq9w,geminia999,"&gt;  For example even though each politician as an individual might be a good person and willing to work for the common good, when they are inside a bipartisan elective system in which corruption is legal, their good intentions do not matter that much. You could replace all the individuals within the political system and it wouldn't really change the situation on the long term (same causes, same effects).

Would you say it's okay to say that an individual good person is considered at fault for being in such a system (especially if it was at a system where they had no choice to be considered a member of)?

It seems you are somewhat unfamiliar with the situation going on (or so I assume from how you write) so I can't necessarily give a good or unbiased summary, but I do personally see some stuff like that quite a bit in regards to social justice. That a white person is considered inherently racist for being into a system that is considered racist.

While I may agree a huge overhaul of a system may be required, there is quite a bit of blame and animosity put towards the people that form such a system and I don't see that as being much better.",cxrlsqi,1449591512
cxroe1y,geminia999,"&gt; That is done in two ways: by highlighting the ways in which identity generates unfavorable treatment for unprivileged groups, and by highlighting the way identity generates favorable treatment for privileged groups.

And where exactly is the middle ground, the default? Privileged people are treated unfairly beneficially, and unprivileged people are disadvantaged. Where is the group that is neither unfairly advantaged or disadvantaged? What is the base level of human treatment that is not unfair?

That's a big part of my issue is that there really is no room for a base treatment, if someone is treated somewhat better, everyone else is now unprivileged in comparison. There can be no base level because as soon as there is someone above or below it, we have created a huge dichotomy. To say that one may be treated for their efforts is unfair treatment when another is discriminated for identity is just not right. Wouldn't it better to look at it along the lines of 3 groups? That there are people who are chosen because of their identity, privileged, people not chosen because of their identity, unprivileged, and those who are chosen/not chosen not due to identity, default or neutral. By conflating groups the first and last groups you just seem to making bigger issues and suggests that the solution is something entirely different.

Sorry, but if the discussion on privilege refuses to recognize that concept, I have to say it's designed to pit two groups against each other and create animosity rather than cooperation.

&gt;It's not about revenge - it's about acknowledgement.

May I ask how ""punching up"" and ""Male tears"" are exactly acknowledgement? 

Don't you feel that constant language such as oppressors and privilege are going to make people get upset at these groups and associate them with such terms negatively? Even if it isn't about revenge in it's base concept, it certainly seems to be breeding a lot of hostility and anger through how it chooses to get across it's message. ""These people don't deserve to be treated better than us, they oppress us. they hurt us!"" It certainly creates an attitude among people that could be pretty easy to get lost in don't you agree?

&gt;That's why you'll certainly see discussion of privilege, but the highest levels of frustration with unexamined privilege. Too many members of privileged groups (the same groups that hold social, political, and economic power) either don't see or refuse to acknowledge the way privilege affects their life.

And just a personal gripe, but that's part of my own issue with the movement, they only care for some privileges. How many people who prominently do end up supporting Social Justice end up being from some pretty rich backgrounds (see for example, the man who did the hunger strike recently, who is the son of a multi-millionaire), yet seemingly ignore wealth as a privilege. It seems so common a phrase to say ""those who have privilege can't see it"" but they never seem to take that mean that they should potentially direct the lens back at themselves. I mean, in regards to issues with women, do you ever see female privilege as an idea ever pop up? There is basically no consideration that there might be some while you can have some of the most benign and untrue stuff be considered male privilege.",cxrmukk,1449593809
cxrvk1t,geminia999,"And this is the specific rhetoric of the majority of these groups. Can you find me some people who claim to be social justice currently and do not use any rhetoric that devolves into ""us vs. them""",cxrtwro,1449603437
cxrx1z9,geminia999,"&gt; And to demand perfection from minority groups when you are not criticizing the majority groups who are antagonizing them is deeply problematic. You're holding them to an unfair standard.

They aren't the same standards as the are two completely different groups. One is activism while the other is a group of people just existing.

Also, I'm not demanding perfection, but I am asking for people who say they wish to bring people up to stop trying to bring people down. As well, whose to say I don't criticize majority groups?",cxrttq3,1449605426
cxu8yxx,z3r0shade,"&gt; Otherwise where do we stop with banning things that exist ""just for fun but can harm people""?

A gun isn't something that exists "" just for fun but can harm people "" it's something that exists ""for the sole purpose of harming people, but can be used without harming"".

Big difference here. The primary reason for the existence of guns is to harm others",cxu8n2w,1449766751
cxx558n,twinshk2,"I am arguing against the use of race as a factor. Of course it's not the only factor, there are many many others. However, when the disprity is so huge:

&gt;After controlling for grades, test scores, family background (legacy status), and athletic status (whether or not the student was a recruited athlete), Espenshade and Radford found that whites were three times, Hispanics six times, and blacks more than 15 times as likely to be accepted at a US university as Asian Americans.

I don't know how it couldn't be anything other than racism. Why do schools sometimes(or going by the data, most of the time) admit students who are black over those who are Asian? Is it possible that the extracurriculars and essays of black students better than Asians 95% of the time? I don't think so. ",cxx4vnu,1449978469
cxze77s,zuzununu,"I think if you are at the point where you are giving gifts primarily to avoid the awkwardness of giving nothing, it's time to have a conversation about not wanting to do the gift thing any more.

I'm not saying negotiation is bad, but it's not the realm of conventional gift giving.

Collaboratively getting together and making an experience out of buying a gift is great! But this fact doesn't preclude that giving gifts is also good. There's lots of situations where you can't visit the store together, and while I agree with you that it's potentially very fun to receive money or gift cards and to make a good day out of spending them, in practice, this isn't what happens.

Even if is, it's a lot of work, and if all gifts required effort on the receiver's end, there would be a big loss of utility.

I'll return to my point:When you start asking for money, you alienate the giver, and reduce gift giving to practical exchange. This is bad because gift giving as an activity is fun and has value! There's also problems with it, and it's not for every relationship, but this is a fundamental argument for gift giving.",cxzcx7w,1450145422
cxys7ki,Coolaccount2,"&gt; ultimately the main purpose of giving a gift is to find something the other person wants 

I think the main purpose of giving a gift is to show that you put thought into who they are as a person, and gave them something that took you time and thought to put together or pick out, and something that maybe they wouldn't have bought for his/herself. I think handing somebody a check for $20 is just about the most thoughtless thing you could do for a gift-giving holiday. There's no consideration for the individual there; just, ""You're a human, all humans like money, so here you go."" The phrase is ""it's the thought that counts,"" because that's what gift giving is really for. Not just an exchange of goods.",cxyqx4g,1450111044
cy2wveh,everystoner,"Because complaining about a lack of diversity is racism, sexism, whateverism in itself.  It presumes that there is something inherently different about the races or genders or whatver and therefore you need a certain amount of each category to be good, effective, etc.

If we're all the same and every race and gender has equal talents and abilities, then a black woman can make the exact same contribution as a white man, or a Hispanic lesbian or a transgender asian.",cy2wicd,1450402325
cy3ygzr,uscmissinglink,"I'm not going to pretend to know the intimate details of the movie audio business, but I do know a little bit about business in general.

For example, if you're in a field that is over-saturated with talent the result is going to be low pay. You're expendable. If someone can do the same job for cheaper, they're going to get the job.

In this sort of market, where there is an army of young interns who will go *Swimming with Sharks* for your job, the lack of professionalism demonstrated by slipping in a sound effect that detracts from the film should be a deal-breaker for future work.

The higher competition and lower wages doesn't justify personal acts of sabotage. In fact, I think it does a lot to advance the opposite argument.",cy3y258,1450481444
cy75rzw,LtFred,"Car driving is fundamentally bad for your health, not a matter of circumstance. You are less healthy for living in a car-based city than a proper one. You are more likely to kill yourself, divorce, have fewer friends and be generally depressed. This is because suburbia is horrible, fundamentally. Fact.

Denser cities are always cheaper and better. Every time, always. Vancouver is better and cheaper than Atlanta.

Cars are fundamentally polluting. Electric cars pollute far more than rail, due to mechanical processes and the grid.",cy6x6kp,1450741223
cy7iqok,Arkiasis,"It doesn't matter if you love doing it, doing something for 50 or 60 hours a week every week will make you sick of it very quickly. Even your most favorite hobbies will get boring after a while.",cy78bnm,1450764885
cyb5d6u,Foxtrap_Congo,"if you don't make your intentions obvious, men don't pick it up. If you make your intentions obvious, you're a cheap whore worth fucking once.

I've never seen the same man ejaculate twice.",cyb54ri,1451071050
cybw0qw,GP4LEU,"The major difference between pro-life and pro-choice against abortion is the part of pushing your views on to other women. It's one thing to not agree with abortion, no one is forcing you to do that and many people pro-choice are on your side. It is another thing to want a law saying *no one* can get an abortion. It's pro-**choice** not pro-**abortion**
",,1451148705
czticlr,chrizzlybears,"""pursue their passions and advance society"" I think you have to make your argument here either or, either you want to value strictly according to the benefit of human kind, or you also value some individual gain which has by itself nothing to do with the progress of mankind.  
I want to challenge the idea itself though, since people are not at all paid in any relation to what they bring to society. The magnitude part ist obvious and you mentioned it already, so I take that as granted. But also the idea that people are gaining roughly to what they bring to humankind is strange to me, someone can be super productive producing landmines and earn a ton, but what exactly is his contribution to society? Compare that to low wage jobs, for example people working with elderly or children..",czthklq,1455032548
d1fa99y,sailorbrendan,"We're talking about TRP, which is a pretty toxic place. Femminism and Men's Rights aren't antagonistic towards each other, and a lot of the problems for each stem from the same root causes. 

Equating TRP to the MRM is an insult to legitimate mens rights issues",d1fa74d,1459092300
d1faacs,Xemnas81," &gt; Femminism and Men's Rights aren't antagonistic towards each other, and a lot of the problems for each stem from the same root causes.

Are you pulling my (dead) leg? Feminists and Men's Rights Activistss are at WAR. (a pathetic online keyboard war mostly)",d1fa99y,1459092359
d1q6e1q,LukeBabbit,"The fed is a disaster. It allows a government that shouldn't even exist to inflate there money and screw over the lower classes by by printing nodes, which only helps the rich bankers. Just stop. Everyone with a brain knows that the gold standard is the best, even though a a central currency shouldn't exist AT ALL.   ",d1q67lu,1459821836
d1s346q,Wild_Hunt," &gt;What do you mean?

Well take this quote from MLK's speech at the March on Washington, the high point of the civil rights movement:

""one day right there in Alabama little black boys and black girls will be able to join hands with little white boys and white girls as sisters and brothers.""

Or if that doesn't do it for you think of Desmond Tutus idea of a ""rainbow nation"" if you want a non American civil rights figure as an example. Both of these show that the original civil rights movements advocated multi cultural unity, regardless of colour or race. SJW's as we've seen strive for racial segregation, for cultures to never be mixed for fear of ""appropriation"", for in some cases for there to be  racism against whites as payback for past discrimination against blacks. All rather against MLKs and others visions no?

&gt;If you think it is an ""institutionalized conspiracy"" then you don't really understand what people are talking about. They're not saying there's a secret cabal of white men keeping everyone down.

No they're advocating that the entire system, sometimes the entirety of Western civilisation, is built on institutionalised racism and a load of other isms.

&gt;I'm a white man, and nobody has ever made me feel like I've committed some original sin by being born.

You've never heard of ""check your privilege""? It assigns automatic guilt and fault to someone regardless of actions, rather like the religious concept of original sin. To move away from racial privilege I consider myself an ally of the LGBT movement yet some people would say that simply supporting LGBT rights wouldn't be enough. I'd have to check my straight privilege, understand how I might ""oppress"" others etc. Again rather like original sin.


&gt;People bash fat people just for existing all the time. There was an entire subreddit dedicated to that very notion.

How? Advocating a healthy lifestyle and suggesting that one should aspire not to be unhealthily over weight is simply the truth if that's what you mean by bashing. If you mean r/fatpeoplehate when you say a sub it got banned a long time ago and had what? A few hundred users, many of whom were satirical.

&gt;No, it would not. Segregation and Jim Crow was a whole institution aimed at keeping black people as second class citizens. This doesn't do anything of the sort, it's just a space for a group of people to congregate. Do I necessarily think that racially segregated safe spaces are a good thing? Not really, but not for some bullshit ""we're going back to Jim Crow!"" alarmism.

The entire concept was ""separate but equal"", isn't that what SJW's seek to resurrect with their idea of segregation?

&gt;They're like movie ratings, just a way for people who avoid topics that might cause them distress if it pops up out of nowhere.

And how far should this go? I mean ""I'm offended"" is used to shutdown entire debates. Maybe no one cares if it upsets you and unless you have very real PTSD there's no excuse as an adult to try and shut someone else up based on your convictions.

&gt;Could you tell me what some of these ""actual facts"" are that people are trying to avoid in safe spaces?

Basic biology? No you don't have ""headmates"" who share your body, you need to seek medical help. No, biological sex isn't a social construct. Common sense? No, otherkin can't really have the soul of a dragon or wolf.

&gt; There's this idea out there that every single area needs to be widely open to all discussions all the time. 

We're talking about campuses here, not even dorms or private rooms or whatever. Areas meant for discussion.

&gt;But that's just not the case. Do you get upset at funerals when you can't spend the whole time bashing the deceased? Do you think that weddings are an affront to free speech just because the group won't tolerate you giving the bride and groom shit?

Strawman. I'm not arguing for the right to say what you want where ever. I'm talking about not using offense or safe spaces to shutdown legitimate debates.

&gt;As a straight white cis man, I can just fuckin' go to a school cafeteria and nobody will give me shit for who I am or claim that my gender isn't real or talk about how I and people like me are more prone to violence.

Maybe your gender isn't real",d1s1tac,1459950184
d1shzpm,jakefromstatefarm10,It's more of a potential thing I think. Why give mentally retarded and autistic kids so much funding just to dance them around and shit. I get the emotional argument but I'm so sick of it. We had to cut the usual AP physics trip to the national lab because we didn't have enough and it was too costly to really ask the parents to pay. Meanwhile they get fucking dances once a week and stupid benefits god I'm so bitter for some reason help.,d1s55z2,1459969496
d1somfl,jakefromstatefarm10,"I would agree and say it's worth it, if they could actually do anything with all of the shit they get. Take away from kids with real potential and gifts to make them feel good inside for a second. Hell, my school doesn't even have classes for gifted students. Such a waste.",d1snrqd,1459977775
d1sqjkh,jakefromstatefarm10,"Except we hardly do. The amount of the budget they get from my underfunded public high school is so ridiculous. Slice it half and it's still more than our AP programs. I'm not saying leave them to die just stop glorifying them, stop giving them so much useless nonsense so they 'feel good', and stop taking away from people with potential to give yourself a god damn pat on the back.",d1spw9m,1459980419
d1srtyr,jakefromstatefarm10,"Oh I disagree, sir. In this regard specifically I doubt it would make anything worse. Outside of little parades and parties have you ever been positively affected by a mentally retarded person? There are certainly places where life needs a little emotional and non-productivity but this is hardly the place. Chop their funding and stop giving them their own dances and benefits. How about give them a little place at prom or something where social protocol pretty much forces us to give them a 5 minute standing ovation? They get their 'real kid' experience and a little feel good moment. Anything more is stupid and for the sake of glamour and misplaced romanticism. We will only gain from doing this I'm pretty sure. I'm pretty out of touch with people's general feelings so I really don't know if taking away their parties will have a real impact.",d1sr1m9,1459982305
d1ty78s,DonnieRumpsco,"Because I know the sort of people who are non-binary (or claim to be, maybe not real ones IDK) and they were ALWAYS attention seekers.

always posting needy mental health posts on Facebook
always pretending to be drunker than they were and singing loudly
always being politically contrarian ",d1txuln,1460057462
d1v5plh,meddlingmages,"George Lipsitz is african american studies professor? His viewpoints wouldn't be skewed or  biased at all. 

So two people do the same ""appropriating"" but one (the white individual) should feel worse about it and the other (the black individual) is afforded said opportunity because, well, racism right? Same act, same discussion but one person isn't supposed to partake due to the fact that they are white. You also keep eluding to this ""dominate"" culture, it is in fact the submissive ones (submissive culture in this case) who tend to keep themselves down at the  level at which they view themselves. ",d1v53xd,1460136315
d1vbxyo,112358MU,"But the problem is that I don't believe you (or anybody else) are objective. Sounds like you are just saying ""my side should have the right to free speech but the other side shouldn't.""  And what I am saying is that nobody should have the right to make that decision.  But we are talking about who is more aggressive here and since I don't see the other side making similar statements, I have to say that even if you were 100% right and I agreed with your statement completely, it would still be the more aggressive position of the two.   ",d1vbjbt,1460144454
d2ay1ww,TooMuchTuna223,"Except the only time the word ""leftist"" is ever used is as a word with negative connotation meant to discredit anything I say as the ramblings of a hippie",d2axehy,1461190610
d2hze5b,TomRoberts2016,"If you don't believe 60 women would lie to hurt a man, check out the feminism subs.",d2hyuxq,1461683297
d2koq88,dart200,"No I don't. The only reason sales, both to consumers and investors, is so heavily required is because of the endlessly enforced competition capitalism.",d2km8kn,1461852540
d3xxh5m,apricot-jam,"just like employees only work to make money, they don't care about their employer. soldiers, lots of times, especially yanks, have this patriotic shit/mentality drilled into them that makes them feel superior to others. that is why they do what they do",d3xxdnl,1465212643
